시도,시군구,폐기물 종류,Unnamed: 3,합계,재활용,소각,매립,기타
서울,소계,합계,,"2,905,572.90","1,778,105.80","808,398.60","310,242.60","8,825.90"
서울,소계,종량제방식 등 혼합배출,소계,"1,225,837.50","103,166.20","803,602.80","310,242.60","8,825.90"
서울,소계,"재활용 
가능자원
 분리배출",소계,"841,669.60","836,873.80","4,795.80",0,0
서울,소계,음식물류 폐기물 분리배출,,"838,065.80","838,065.80",0,0,0
서울,종로구,합계,,"95,355.20","56,420.70","32,299.50","6,635.00",0
서울,종로구,종량제방식 등 혼합배출,소계,"38,934.50",0,"32,299.50","6,635.00",0
서울,종로구,"재활용 
가능자원
 분리배출",소계,"29,441.50","29,441.50",0,0,0
서울,종로구,음식물류 폐기물 분리배출,EMPTY,"26,979.20","26,979.20",0,0,0
서울,중구,합계,,"95,998.10","44,488.90","43,191.40","8,317.80",0
,,종량제방식 등 혼합배출,소계,"53,330.20","1,821.00","43,191.40","8,317.80",0
,,"재활용 
가능자원
 분리배출",소계,"16,253.70","16,253.70",0,0,0
,,음식물류 폐기물 분리배출,EMPTY,"26,414.20","26,414.20",0,0,0
서울,용산구,합계,,"87,049.00","50,275.00","30,262.70","6,511.30",0
,,종량제방식 등 혼합배출,소계,"39,719.00","2,945.00","30,262.70","6,511.30",0
,,"재활용 
가능자원
 분리배출",소계,"27,189.20","27,189.20",0,0,0
,,음식물류 폐기물 분리배출,EMPTY,"20,140.80","20,140.80",0,0,0
서울,성동구,합계,,"89,652.90","58,156.10","21,966.20","9,530.60",0
,,종량제방식 등 혼합배출,소계,"31,496.80",0,"21,966.20","9,530.60",0
,,"재활용 
가능자원
 분리배출",소계,"31,387.50","31,387.50",0,0,0
,,음식물류 폐기물 분리배출,EMPTY,"26,768.60","26,768.60",0,0,0
서울,광진구,합계,,"80,103.20","55,322.70","16,185.10","8,595.40",0
,,종량제방식 등 혼합배출,소계,"28,355.90","3,575.40","16,185.10","8,595.40",0
,,"재활용 
가능자원
 분리배출",소계,"24,095.60","24,095.60",0,0,0
,,음식물류 폐기물 분리배출,EMPTY,"27,651.70","27,651.70",0,0,0
서울,동대문구,합계,,"102,068.20","62,713.80","29,870.00","9,484.40",0
,,종량제방식 등 혼합배출,소계,"39,354.40",0,"29,870.00","9,484.40",0
,,"재활용 
가능자원
 분리배출",소계,"32,722.00","32,722.00",0,0,0
,,음식물류 폐기물 분리배출,EMPTY,"29,991.80","29,991.80",0,0,0
서울,중랑구,합계,,"99,868.50","59,843.70","33,205.90","6,818.90",0
,,종량제방식 등 혼합배출,소계,"40,024.80",0,"33,205.90","6,818.90",0
,,"재활용 
가능자원
 분리배출",소계,"30,079.30","30,079.30",0,0,0
,,음식물류 폐기물 분리배출,EMPTY,"29,764.40","29,764.40",0,0,0
서울,성북구,합계,,"110,262.60","70,471.90","29,634.20","3,030.60","7,125.90"
,,종량제방식 등 혼합배출,소계,"44,266.80","4,476.10","29,634.20","3,030.60","7,125.90"
,,"재활용 
가능자원
 분리배출",소계,"32,908.70","32,908.70",0,0,0
,,음식물류 폐기물 분리배출,EMPTY,"33,087.10","33,087.10",0,0,0
서울,강북구,합계,,"80,021.80","52,950.90","24,914.20","2,156.70",0
,,종량제방식 등 혼합배출,소계,"39,488.00","12,417.10","24,914.20","2,156.70",0
,,"재활용 
가능자원
 분리배출",소계,"17,657.60","17,657.60",0,0,0
,,음식물류 폐기물 분리배출,EMPTY,"22,876.20","22,876.20",0,0,0
서울,도봉구,합계,,"79,944.90","57,300.90","20,046.70","2,597.30",0
,,종량제방식 등 혼합배출,소계,"34,119.00","11,475.00","20,046.70","2,597.30",0
,,"재활용 
가능자원
 분리배출",소계,"20,311.70","20,311.70",0,0,0
,,음식물류 폐기물 분리배출,EMPTY,"25,514.20","25,514.20",0,0,0
서울,노원구,합계,,"131,701.80","93,229.70","34,981.80","3,490.30",0
,,종량제방식 등 혼합배출,소계,"49,099.50","10,627.40","34,981.80","3,490.30",0
,,"재활용 
가능자원
 분리배출",소계,"41,844.70","41,844.70",0,0,0
,,음식물류 폐기물 분리배출,EMPTY,"40,757.60","40,757.60",0,0,0
서울,은평구,합계,,"110,580.70","55,134.70","16,585.00","38,861.00",0
,,종량제방식 등 혼합배출,소계,"52,747.90",0,"13,886.90","38,861.00",0
,,"재활용 
가능자원
 분리배출",소계,"31,563.60","28,865.50","2,698.10",0,0
,,음식물류 폐기물 분리배출,EMPTY,"26,269.20","26,269.20",0,0,0
서울,서대문구,합계,,"92,123.00","54,910.80","28,894.90","8,317.30",0
,,종량제방식 등 혼합배출,소계,"42,263.40","5,051.20","28,894.90","8,317.30",0
,,"재활용 
가능자원
 분리배출",소계,"27,801.00","27,801.00",0,0,0
,,음식물류 폐기물 분리배출,EMPTY,"22,058.60","22,058.60",0,0,0
서울,마포구,합계,,"131,590.80","80,454.60","41,141.90","9,994.30",0
,,종량제방식 등 혼합배출,소계,"52,156.20","1,020.00","41,141.90","9,994.30",0
,,"재활용 
가능자원
 분리배출",소계,"50,438.90","50,438.90",0,0,0
,,음식물류 폐기물 분리배출,EMPTY,"28,995.70","28,995.70",0,0,0
서울,양천구,합계,,"113,123.70","71,658.20","33,441.60","6,323.90","1,700.00"
,,종량제방식 등 혼합배출,소계,"48,836.70","9,468.90","31,343.90","6,323.90","1,700.00"
,,"재활용 
가능자원
 분리배출",소계,"32,131.10","30,033.40","2,097.70",0,0
,,음식물류 폐기물 분리배출,EMPTY,"32,155.90","32,155.90",0,0,0
서울,강서구,합계,,"151,254.70","89,208.50","45,081.10","16,965.10",0
,,종량제방식 등 혼합배출,소계,"67,334.20","5,288.00","45,081.10","16,965.10",0
,,"재활용 
가능자원
 분리배출",소계,"40,660.10","40,660.10",0,0,0
,,음식물류 폐기물 분리배출,EMPTY,"43,260.40","43,260.40",0,0,0
서울,구로구,합계,,"108,298.90","55,153.60","37,323.10","15,822.20",0
,,종량제방식 등 혼합배출,소계,"53,145.30",0,"37,323.10","15,822.20",0
,,"재활용 
가능자원
 분리배출",소계,"28,431.60","28,431.60",0,0,0
,,음식물류 폐기물 분리배출,EMPTY,"26,722.00","26,722.00",0,0,0
서울,금천구,합계,,"71,563.90","37,745.70","11,160.10","22,658.10",0
,,종량제방식 등 혼합배출,소계,"34,783.00",964.8,"11,160.10","22,658.10",0
,,"재활용 
가능자원
 분리배출",소계,"17,421.30","17,421.30",0,0,0
,,음식물류 폐기물 분리배출,EMPTY,"19,359.60","19,359.60",0,0,0
서울,영등포구,합계,,"138,310.70","86,580.70","39,382.00","12,348.00",0
,,종량제방식 등 혼합배출,소계,"56,445.10","4,715.10","39,382.00","12,348.00",0
,,"재활용 
가능자원
 분리배출",소계,"38,508.40","38,508.40",0,0,0
,,음식물류 폐기물 분리배출,EMPTY,"43,357.20","43,357.20",0,0,0
서울,동작구,합계,,"105,818.50","67,110.80","25,793.70","12,914.00",0
,,종량제방식 등 혼합배출,소계,"42,592.60","3,884.90","25,793.70","12,914.00",0
,,"재활용 
가능자원
 분리배출",소계,"35,015.40","35,015.40",0,0,0
,,음식물류 폐기물 분리배출,EMPTY,"28,210.50","28,210.50",0,0,0
서울,관악구,합계,,"133,347.50","81,377.50","31,989.90","19,980.10",0
,,종량제방식 등 혼합배출,소계,"57,475.70","5,505.70","31,989.90","19,980.10",0
,,"재활용 
가능자원
 분리배출",소계,"42,797.60","42,797.60",0,0,0
,,음식물류 폐기물 분리배출,EMPTY,"33,074.20","33,074.20",0,0,0
서울,서초구,합계,,"154,858.00","91,007.60","46,534.70","17,315.70",0
,,종량제방식 등 혼합배출,소계,"66,302.70","2,452.30","46,534.70","17,315.70",0
,,"재활용 
가능자원
 분리배출",소계,"42,654.80","42,654.80",0,0,0
,,음식물류 폐기물 분리배출,EMPTY,"45,900.50","45,900.50",0,0,0
서울,강남구,합계,,"242,630.00","145,740.90","80,310.60","16,578.50",0
,,종량제방식 등 혼합배출,소계,"103,389.10","6,500.00","80,310.60","16,578.50",0
,,"재활용 
가능자원
 분리배출",소계,"56,846.50","56,846.50",0,0,0
,,음식물류 폐기물 분리배출,EMPTY,"82,394.40","82,394.40",0,0,0
서울,송파구,합계,,"179,381.90","115,814.20","34,938.70","28,629.00",0
,,종량제방식 등 혼합배출,소계,"63,567.70",0,"34,938.70","28,629.00",0
,,"재활용 
가능자원
 분리배출",소계,"58,988.70","58,988.70",0,0,0
,,음식물류 폐기물 분리배출,EMPTY,"56,825.50","56,825.50",0,0,0
서울,강동구,합계,,"120,664.40","85,033.70","19,263.60","16,367.10",0
,,종량제방식 등 혼합배출,소계,"46,609.00","10,978.30","19,263.60","16,367.10",0
,,"재활용 
가능자원
 분리배출",소계,"34,519.10","34,519.10",0,0,0
,,음식물류 폐기물 분리배출,EMPTY,"39,536.30","39,536.30",0,0,0
부산,소계,합계,,"870,833.70","698,146.60","101,550.30","71,136.80",0
,,종량제방식 등 혼합배출,소계,"427,761.30","257,036.00","99,795.50","70,929.80",0
,,"재활용 
가능자원
 분리배출",소계,"213,117.90","211,351.10","1,754.80",12,0
,,음식물류 폐기물 분리배출,EMPTY,"229,954.50","229,759.50",0,195,0
부산,중구,합계,,"24,571.90","17,021.40","5,078.60","2,471.90",0
,,종량제방식 등 혼합배출,소계,"17,329.70","11,067.00","3,790.80","2,471.90",0
,,"재활용 
가능자원
 분리배출",소계,"2,919.40","1,631.60","1,287.80",0,0
,,음식물류 폐기물 분리배출,EMPTY,"4,322.80","4,322.80",0,0,0
부산,서구,합계,,"23,870.20","20,860.30","1,797.20","1,212.70",0
,,종량제방식 등 혼합배출,소계,"12,733.50","9,735.60","1,797.20","1,200.70",0
,,"재활용 
가능자원
 분리배출",소계,"3,562.70","3,550.70",0,12,0
,,음식물류 폐기물 분리배출,EMPTY,"7,574.00","7,574.00",0,0,0
부산,동구,합계,,"25,524.10","19,621.40","2,911.70","2,991.00",0
,,종량제방식 등 혼합배출,소계,"14,765.50","8,862.80","2,911.70","2,991.00",0
,,"재활용 
가능자원
 분리배출",소계,"4,661.30","4,661.30",0,0,0
,,음식물류 폐기물 분리배출,EMPTY,"6,097.30","6,097.30",0,0,0
부산,영도구,합계,,"26,460.60","21,396.40","2,471.90","2,592.30",0
,,종량제방식 등 혼합배출,소계,"11,576.30","6,609.30","2,374.70","2,592.30",0
,,"재활용 
가능자원
 분리배출",소계,"6,310.90","6,213.70",97.2,0,0
,,음식물류 폐기물 분리배출,EMPTY,"8,573.40","8,573.40",0,0,0
부산,부산진구,합계,,"95,117.50","77,953.90","11,338.50","5,825.10",0
,,종량제방식 등 혼합배출,소계,"50,618.30","33,454.70","11,338.50","5,825.10",0
,,"재활용 
가능자원
 분리배출",소계,"23,773.50","23,773.50",0,0,0
,,음식물류 폐기물 분리배출,EMPTY,"20,725.70","20,725.70",0,0,0
부산,동래구,합계,,"68,452.30","58,994.80","6,961.50","2,496.00",0
,,종량제방식 등 혼합배출,소계,"33,489.20","24,031.70","6,961.50","2,496.00",0
,,"재활용 
가능자원
 분리배출",소계,"17,328.80","17,328.80",0,0,0
,,음식물류 폐기물 분리배출,EMPTY,"17,634.30","17,634.30",0,0,0
부산,남구,합계,,"59,659.80","49,206.20","6,493.60","3,960.00",0
,,종량제방식 등 혼합배출,소계,"29,382.20","19,091.50","6,459.80","3,830.90",0
,,"재활용 
가능자원
 분리배출",소계,"16,317.20","16,283.40",33.8,0,0
,,음식물류 폐기물 분리배출,EMPTY,"13,960.40","13,831.30",0,129.1,0
부산,북구,합계,,"64,283.50","53,738.00","7,087.60","3,457.90",0
,,종량제방식 등 혼합배출,소계,"22,925.40","12,379.90","7,087.60","3,457.90",0
,,"재활용 
가능자원
 분리배출",소계,"22,771.30","22,771.30",0,0,0
,,음식물류 폐기물 분리배출,EMPTY,"18,586.80","18,586.80",0,0,0
부산,해운대구,합계,,"95,587.20","74,120.40","16,829.60","4,637.20",0
,,종량제방식 등 혼합배출,소계,"44,727.60","23,351.00","16,739.40","4,637.20",0
,,"재활용 
가능자원
 분리배출",소계,"24,854.90","24,764.70",90.2,0,0
,,음식물류 폐기물 분리배출,EMPTY,"26,004.70","26,004.70",0,0,0
부산,사하구,합계,,"75,046.50","58,985.20","9,590.30","6,471.00",0
,,종량제방식 등 혼합배출,소계,"41,155.40","25,128.30","9,556.10","6,471.00",0
,,"재활용 
가능자원
 분리배출",소계,"14,739.30","14,705.10",34.2,0,0
,,음식물류 폐기물 분리배출,EMPTY,"19,151.80","19,151.80",0,0,0
부산,금정구,합계,,"58,728.10","50,469.50","4,572.20","3,686.40",0
,,종량제방식 등 혼합배출,소계,"27,413.40","19,162.70","4,572.20","3,678.50",0
,,"재활용 
가능자원
 분리배출",소계,"12,926.60","12,926.60",0,0,0
,,음식물류 폐기물 분리배출,EMPTY,"18,388.10","18,380.20",0,7.9,0
부산,강서구,합계,,"48,372.90","43,439.40","1,432.00","3,501.50",0
,,종량제방식 등 혼합배출,소계,"23,876.10","18,942.60","1,432.00","3,501.50",0
,,"재활용 
가능자원
 분리배출",소계,"12,006.80","12,006.80",0,0,0
,,음식물류 폐기물 분리배출,EMPTY,"12,490.00","12,490.00",0,0,0
부산,연제구,합계,,"56,320.50","46,404.30","5,908.60","4,007.60",0
,,종량제방식 등 혼합배출,소계,"28,870.50","19,012.30","5,908.60","3,949.60",0
,,"재활용 
가능자원
 분리배출",소계,"14,026.90","14,026.90",0,0,0
,,음식물류 폐기물 분리배출,EMPTY,"13,423.10","13,365.10",0,58,0
부산,수영구,합계,,"43,167.90","28,462.30","4,539.70","10,165.90",0
,,종량제방식 등 혼합배출,소계,"22,792.40","8,086.80","4,539.70","10,165.90",0
,,"재활용 
가능자원
 분리배출",소계,"10,938.50","10,938.50",0,0,0
,,음식물류 폐기물 분리배출,EMPTY,"9,437.00","9,437.00",0,0,0
부산,사상구,합계,,"49,334.10","39,843.20","5,792.50","3,698.40",0
,,종량제방식 등 혼합배출,소계,"19,615.40","10,124.50","5,792.50","3,698.40",0
,,"재활용 
가능자원
 분리배출",소계,"13,753.10","13,753.10",0,0,0
,,음식물류 폐기물 분리배출,EMPTY,"15,965.60","15,965.60",0,0,0
부산,기장군,합계,,"56,336.60","37,629.90","8,744.80","9,961.90",0
,,종량제방식 등 혼합배출,소계,"26,490.40","7,995.30","8,533.20","9,961.90",0
,,"재활용 
가능자원
 분리배출",소계,"12,226.70","12,015.10",211.6,0,0
,,음식물류 폐기물 분리배출,EMPTY,"17,619.50","17,619.50",0,0,0
대구,소계,합계,,"765,718.60","433,936.70","91,659.60","240,122.30",0
,,종량제방식 등 혼합배출,소계,"420,413.20","96,873.40","85,845.60","237,694.20",0
,,"재활용 
가능자원
 분리배출",소계,"137,883.60","129,641.50","5,814.00","2,428.10",0
,,음식물류 폐기물 분리배출,EMPTY,"207,421.80","207,421.80",0,0,0
대구,중구,합계,,"38,439.80","22,264.00","4,154.20","12,021.60",0
,,종량제방식 등 혼합배출,소계,"22,396.80","6,656.30","3,886.60","11,853.90",0
,,"재활용 
가능자원
 분리배출",소계,"6,380.60","5,945.30",267.6,167.7,0
,,음식물류 폐기물 분리배출,EMPTY,"9,662.40","9,662.40",0,0,0
대구,동구,합계,,"102,170.90","62,338.70","10,175.30","29,656.90",0
,,종량제방식 등 혼합배출,소계,"57,030.70","17,984.40","9,389.40","29,656.90",0
,,"재활용 
가능자원
 분리배출",소계,"14,499.30","13,713.40",785.9,0,0
,,음식물류 폐기물 분리배출,EMPTY,"30,640.90","30,640.90",0,0,0
대구,서구,합계,,"52,494.00","26,327.50","7,400.00","18,766.50",0
,,종량제방식 등 혼합배출,소계,"34,262.50","8,625.90","6,870.10","18,766.50",0
,,"재활용 
가능자원
 분리배출",소계,"6,352.50","5,822.60",529.9,0,0
,,음식물류 폐기물 분리배출,EMPTY,"11,879.00","11,879.00",0,0,0
대구,남구,합계,,"44,724.80","23,751.00","5,964.40","15,009.40",0
,,종량제방식 등 혼합배출,소계,"28,733.40","7,938.80","5,964.40","14,830.20",0
,,"재활용 
가능자원
 분리배출",소계,"6,696.70","6,517.50",0,179.2,0
,,음식물류 폐기물 분리배출,EMPTY,"9,294.70","9,294.70",0,0,0
대구,북구,합계,,"135,491.80","70,995.20","13,370.10","51,126.50",0
,,종량제방식 등 혼합배출,소계,"74,011.60","9,963.40","13,370.10","50,678.10",0
,,"재활용 
가능자원
 분리배출",소계,"23,265.10","22,816.70",0,448.4,0
,,음식물류 폐기물 분리배출,EMPTY,"38,215.10","38,215.10",0,0,0
대구,수성구,합계,,"131,822.20","82,155.80","17,279.70","32,386.70",0
,,종량제방식 등 혼합배출,소계,"67,371.80","21,553.90","13,431.20","32,386.70",0
,,"재활용 
가능자원
 분리배출",소계,"26,978.00","23,129.50","3,848.50",0,0
,,음식물류 폐기물 분리배출,EMPTY,"37,472.40","37,472.40",0,0,0
대구,달서구,합계,,"175,696.50","96,979.50","22,232.00","56,485.00",0
,,종량제방식 등 혼합배출,소계,"91,674.90","14,109.20","22,232.00","55,333.70",0
,,"재활용 
가능자원
 분리배출",소계,"37,248.90","36,097.60",0,"1,151.30",0
,,음식물류 폐기물 분리배출,EMPTY,"46,772.70","46,772.70",0,0,0
대구,달성군,합계,,"84,878.60","49,125.00","11,083.90","24,669.70",0
,,종량제방식 등 혼합배출,소계,"44,931.50","10,041.50","10,701.80","24,188.20",0
,,"재활용 
가능자원
 분리배출",소계,"16,462.50","15,598.90",382.1,481.5,0
,,음식물류 폐기물 분리배출,EMPTY,"23,484.60","23,484.60",0,0,0
인천,소계,합계,,"847,009.50","516,945.00","251,158.10","77,713.40","1,193.00"
,,종량제방식 등 혼합배출,소계,"389,418.80","66,355.60","244,253.90","77,713.40","1,095.90"
,,"재활용 
가능자원
 분리배출",소계,"234,390.70","227,486.50","6,904.20",0,0
,,음식물류 폐기물 분리배출,EMPTY,"223,200.00","223,102.90",0,0,97.1
인천,중구,합계,,"68,119.50","40,307.40","21,396.30","6,415.80",0
,,종량제방식 등 혼합배출,소계,"33,648.50","5,836.40","21,396.30","6,415.80",0
,,"재활용 
가능자원
 분리배출",소계,"13,392.50","13,392.50",0,0,0
,,음식물류 폐기물 분리배출,EMPTY,"21,078.50","21,078.50",0,0,0
인천,동구,합계,,"18,150.30","11,306.40","4,238.70","2,605.20",0
,,종량제방식 등 혼합배출,소계,"6,843.90",0,"4,238.70","2,605.20",0
,,"재활용 
가능자원
 분리배출",소계,"4,835.20","4,835.20",0,0,0
,,음식물류 폐기물 분리배출,EMPTY,"6,471.20","6,471.20",0,0,0
인천,미추홀구,합계,,"112,916.60","61,073.70","45,987.00","5,855.90",0
,,종량제방식 등 혼합배출,소계,"54,886.20","6,460.00","42,570.30","5,855.90",0
,,"재활용 
가능자원
 분리배출",소계,"28,693.10","25,276.40","3,416.70",0,0
,,음식물류 폐기물 분리배출,EMPTY,"29,337.30","29,337.30",0,0,0
인천,연수구,합계,,"117,570.50","88,963.20","24,240.70","3,911.10",455.5
,,종량제방식 등 혼합배출,소계,"55,422.90","28,919.10","22,137.20","3,911.10",455.5
,,"재활용 
가능자원
 분리배출",소계,"37,148.70","35,045.20","2,103.50",0,0
,,음식물류 폐기물 분리배출,EMPTY,"24,998.90","24,998.90",0,0,0
인천,남동구,합계,,"151,208.80","98,063.40","44,740.90","7,764.10",640.4
,,종량제방식 등 혼합배출,소계,"62,686.60","9,541.20","44,740.90","7,764.10",640.4
,,"재활용 
가능자원
 분리배출",소계,"43,847.80","43,847.80",0,0,0
,,음식물류 폐기물 분리배출,EMPTY,"44,674.40","44,674.40",0,0,0
인천,부평구,합계,,"129,383.30","76,657.80","37,865.80","14,859.70",0
,,종량제방식 등 혼합배출,소계,"60,496.40","7,770.90","37,865.80","14,859.70",0
,,"재활용 
가능자원
 분리배출",소계,"36,692.10","36,692.10",0,0,0
,,음식물류 폐기물 분리배출,EMPTY,"32,194.80","32,194.80",0,0,0
인천,계양구,합계,,"72,186.50","41,461.50","22,572.90","8,148.90",3.2
,,종량제방식 등 혼합배출,소계,"29,337.80",0,"21,188.90","8,148.90",0
,,"재활용 
가능자원
 분리배출",소계,"19,332.60","17,948.60","1,384.00",0,0
,,음식물류 폐기물 분리배출,EMPTY,"23,516.10","23,512.90",0,0,3.2
인천,서구,합계,,"156,010.20","85,831.50","43,024.80","27,153.90",0
,,종량제방식 등 혼합배출,소계,"78,006.70","7,828.00","43,024.80","27,153.90",0
,,"재활용 
가능자원
 분리배출",소계,"44,310.90","44,310.90",0,0,0
,,음식물류 폐기물 분리배출,EMPTY,"33,692.60","33,692.60",0,0,0
인천,강화군,합계,,"13,229.30","8,216.80","4,279.40",733.1,0
,,종량제방식 등 혼합배출,소계,"5,012.50",0,"4,279.40",733.1,0
,,"재활용 
가능자원
 분리배출",소계,"3,783.50","3,783.50",0,0,0
,,음식물류 폐기물 분리배출,EMPTY,"4,433.30","4,433.30",0,0,0
인천,옹진군,합계,,"8,234.50","5,063.30","2,811.60",265.7,93.9
,,종량제방식 등 혼합배출,소계,"3,077.30",0,"2,811.60",265.7,0
,,"재활용 
가능자원
 분리배출",소계,"2,354.30","2,354.30",0,0,0
,,음식물류 폐기물 분리배출,EMPTY,"2,802.90","2,709.00",0,0,93.9
광주,소계,합계,,"465,798.20","328,565.60","18,656.90","118,575.70",0
,,종량제방식 등 혼합배출,소계,"183,009.00","53,647.50","11,196.90","118,164.60",0
,,"재활용 
가능자원
 분리배출",소계,"127,881.40","120,010.30","7,460.00",411.1,0
,,음식물류 폐기물 분리배출,EMPTY,"154,907.80","154,907.80",0,0,0
광주,동구,합계,,"36,294.10","23,449.10","1,341.60","11,503.40",0
,,종량제방식 등 혼합배출,소계,"17,390.30","4,545.30","1,341.60","11,503.40",0
,,"재활용 
가능자원
 분리배출",소계,"7,129.50","7,129.50",0,0,0
,,음식물류 폐기물 분리배출,EMPTY,"11,774.30","11,774.30",0,0,0
광주,서구,합계,,"96,391.40","67,850.50","2,694.50","25,846.40",0
,,종량제방식 등 혼합배출,소계,"36,607.50","10,761.10",0,"25,846.40",0
,,"재활용 
가능자원
 분리배출",소계,"26,306.70","23,612.20","2,694.50",0,0
,,음식물류 폐기물 분리배출,EMPTY,"33,477.20","33,477.20",0,0,0
광주,남구,합계,,"60,143.70","44,535.90","1,625.80","13,982.00",0
,,종량제방식 등 혼합배출,소계,"24,229.80","8,622.00","1,625.80","13,982.00",0
,,"재활용 
가능자원
 분리배출",소계,"14,008.20","14,008.20",0,0,0
,,음식물류 폐기물 분리배출,EMPTY,"21,905.70","21,905.70",0,0,0
광주,북구,합계,,"131,861.30","96,828.20","4,772.50","30,260.60",0
,,종량제방식 등 혼합배출,소계,"49,306.20","14,401.90","4,772.50","30,131.80",0
,,"재활용 
가능자원
 분리배출",소계,"38,132.10","38,003.30",0,128.8,0
,,음식물류 폐기물 분리배출,EMPTY,"44,423.00","44,423.00",0,0,0
광주,광산구,합계,,"141,107.70","95,901.90","8,222.50","36,983.30",0
,,종량제방식 등 혼합배출,소계,"55,475.20","15,317.20","3,457.00","36,701.00",0
,,"재활용 
가능자원
 분리배출",소계,"42,304.90","37,257.10","4,765.50",282.3,0
,,음식물류 폐기물 분리배출,EMPTY,"43,327.60","43,327.60",0,0,0
대전,소계,합계,,"491,653.40","340,468.10","79,651.30","71,534.00",0
,,종량제방식 등 혼합배출,소계,"238,032.80","91,605.80","79,651.30","66,775.70",0
,,"재활용 
가능자원
 분리배출",소계,"105,191.10","100,432.80",0,"4,758.30",0
,,음식물류 폐기물 분리배출,EMPTY,"148,429.50","148,429.50",0,0,0
대전,동구,합계,,"74,561.70","51,762.60","11,015.00","11,784.10",0
,,종량제방식 등 혼합배출,소계,"36,315.30","16,938.30","11,015.00","8,362.00",0
,,"재활용 
가능자원
 분리배출",소계,"15,940.20","12,518.10",0,"3,422.10",0
,,음식물류 폐기물 분리배출,EMPTY,"22,306.20","22,306.20",0,0,0
대전,중구,합계,,"75,940.70","55,387.90","11,650.80","8,902.00",0
,,종량제방식 등 혼합배출,소계,"36,635.90","16,401.10","11,650.80","8,584.00",0
,,"재활용 
가능자원
 분리배출",소계,"16,075.60","15,757.60",0,318,0
,,음식물류 폐기물 분리배출,EMPTY,"23,229.20","23,229.20",0,0,0
대전,서구,합계,,"155,221.80","105,851.90","25,425.90","23,944.00",0
,,종량제방식 등 혼합배출,소계,"77,064.60","28,019.80","25,425.90","23,618.90",0
,,"재활용 
가능자원
 분리배출",소계,"32,159.20","31,834.10",0,325.1,0
,,음식물류 폐기물 분리배출,EMPTY,"45,998.00","45,998.00",0,0,0
대전,유성구,합계,,"124,183.70","86,703.70","18,649.90","18,830.10",0
,,종량제방식 등 혼합배출,소계,"57,837.30","20,807.60","18,649.90","18,379.80",0
,,"재활용 
가능자원
 분리배출",소계,"28,944.50","28,494.20",0,450.3,0
,,음식물류 폐기물 분리배출,EMPTY,"37,401.90","37,401.90",0,0,0
대전,대덕구,합계,,"61,745.50","40,762.00","12,909.70","8,073.80",0
,,종량제방식 등 혼합배출,소계,"30,179.70","9,439.00","12,909.70","7,831.00",0
,,"재활용 
가능자원
 분리배출",소계,"12,071.60","11,828.80",0,242.8,0
,,음식물류 폐기물 분리배출,EMPTY,"19,494.20","19,494.20",0,0,0
울산,소계,합계,,"359,921.30","161,471.80","162,120.70","36,328.80",0
,,종량제방식 등 혼합배출,소계,"194,759.60",0,"158,430.80","36,328.80",0
,,"재활용 
가능자원
 분리배출",소계,"67,104.40","63,938.50","3,165.90",0,0
,,음식물류 폐기물 분리배출,EMPTY,"98,057.30","97,533.30",524,0,0
울산,중구,합계,,"58,339.60","27,208.60","26,108.90","5,022.10",0
,,종량제방식 등 혼합배출,소계,"29,701.80",0,"24,679.70","5,022.10",0
,,"재활용 
가능자원
 분리배출",소계,"11,133.70","9,795.80","1,337.90",0,0
,,음식물류 폐기물 분리배출,EMPTY,"17,504.10","17,412.80",91.3,0,0
울산,남구,합계,,"110,471.80","52,224.40","52,023.90","6,223.50",0
,,종량제방식 등 혼합배출,소계,"58,110.00",0,"51,886.50","6,223.50",0
,,"재활용 
가능자원
 분리배출",소계,"23,106.80","23,106.80",0,0,0
,,음식물류 폐기물 분리배출,EMPTY,"29,255.00","29,117.60",137.4,0,0
울산,동구,합계,,"52,090.30","20,247.00","22,314.90","9,528.40",0
,,종량제방식 등 혼합배출,소계,"31,015.50",0,"21,487.10","9,528.40",0
,,"재활용 
가능자원
 분리배출",소계,"8,761.10","7,981.00",780.1,0,0
,,음식물류 폐기물 분리배출,EMPTY,"12,313.70","12,266.00",47.7,0,0
울산,북구,합계,,"65,256.40","30,553.10","28,597.60","6,105.70",0
,,종량제방식 등 혼합배출,소계,"34,328.60",0,"28,222.90","6,105.70",0
,,"재활용 
가능자원
 분리배출",소계,"10,556.10","10,354.10",202,0,0
,,음식물류 폐기물 분리배출,EMPTY,"20,371.70","20,199.00",172.7,0,0
울산,울주군,합계,,"73,763.20","31,238.70","33,075.40","9,449.10",0
,,종량제방식 등 혼합배출,소계,"41,603.70",0,"32,154.60","9,449.10",0
,,"재활용 
가능자원
 분리배출",소계,"13,546.70","12,700.80",845.9,0,0
,,음식물류 폐기물 분리배출,EMPTY,"18,612.80","18,537.90",74.9,0,0
세종,소계,합계,,"101,623.30","70,818.70","30,804.60",0,0
,,종량제방식 등 혼합배출,소계,"59,317.90","29,426.10","29,891.80",0,0
,,"재활용 
가능자원
 분리배출",소계,"26,418.30","25,505.50",912.8,0,0
,,음식물류 폐기물 분리배출,EMPTY,"15,887.10","15,887.10",0,0,0
세종,세종시,합계,,"101,623.30","70,818.70","30,804.60",0,0
,,종량제방식 등 혼합배출,소계,"59,317.90","29,426.10","29,891.80",0,0
,,"재활용 
가능자원
 분리배출",소계,"26,418.30","25,505.50",912.8,0,0
,,음식물류 폐기물 분리배출,EMPTY,"15,887.10","15,887.10",0,0,0
경기,소계,합계,,"4,116,560.40","2,403,959.50","1,337,482.00","352,061.50","23,057.40"
,,종량제방식 등 혼합배출,소계,"2,012,825.60","342,242.10","1,303,214.50","345,467.30","21,901.70"
,,"재활용 
가능자원
 분리배출",소계,"974,638.80","932,888.30","34,240.30","6,594.20",916
,,음식물류 폐기물 분리배출,EMPTY,"1,129,096.00","1,128,829.10",27.2,0,239.7
경기,수원시,합계,,"335,752.60","204,448.90","129,790.30","1,513.40",0
,,종량제방식 등 혼합배출,소계,"150,951.50","22,076.50","128,875.00",0,0
,,"재활용 
가능자원
 분리배출",소계,"92,402.00","89,973.30",915.3,"1,513.40",0
,,음식물류 폐기물 분리배출,EMPTY,"92,399.10","92,399.10",0,0,0
경기,고양시,합계,,"298,163.20","184,722.90","45,965.70","67,474.60",0
,,종량제방식 등 혼합배출,소계,"113,440.30",0,"45,965.70","67,474.60",0
,,"재활용 
가능자원
 분리배출",소계,"86,863.50","86,863.50",0,0,0
,,음식물류 폐기물 분리배출,EMPTY,"97,859.40","97,859.40",0,0,0
경기,성남시,합계,,"293,609.20","120,387.30","151,391.40",0,"21,830.50"
,,종량제방식 등 혼합배출,소계,"168,552.20","1,288.10","146,349.20",0,"20,914.90"
,,"재활용 
가능자원
 분리배출",소계,"54,909.10","48,951.30","5,042.20",0,915.6
,,음식물류 폐기물 분리배출,EMPTY,"70,147.90","70,147.90",0,0,0
경기,용인시,합계,,"279,726.90","158,590.90","108,147.50","12,988.50",0
,,종량제방식 등 혼합배출,소계,"130,656.10","12,082.10","106,500.50","12,073.50",0
,,"재활용 
가능자원
 분리배출",소계,"76,487.00","73,925.00","1,647.00",915,0
,,음식물류 폐기물 분리배출,EMPTY,"72,583.80","72,583.80",0,0,0
경기,부천시,합계,,"247,776.20","152,601.90","48,581.70","46,592.60",0
,,종량제방식 등 혼합배출,소계,"118,899.00","24,691.60","48,581.70","45,625.70",0
,,"재활용 
가능자원
 분리배출",소계,"54,631.40","53,664.50",0,966.9,0
,,음식물류 폐기물 분리배출,EMPTY,"74,245.80","74,245.80",0,0,0
경기,안산시,합계,,"229,601.20","110,457.90","78,081.00","41,062.30",0
,,종량제방식 등 혼합배출,소계,"108,792.30",0,"69,790.90","39,001.40",0
,,"재활용 
가능자원
 분리배출",소계,"52,355.50","42,004.50","8,290.10","2,060.90",0
,,음식물류 폐기물 분리배출,EMPTY,"68,453.40","68,453.40",0,0,0
경기,남양주시,합계,,"215,446.40","148,952.40","45,725.80","20,768.20",0
,,종량제방식 등 혼합배출,소계,"103,143.20","36,649.20","45,725.80","20,768.20",0
,,"재활용 
가능자원
 분리배출",소계,"57,024.70","57,024.70",0,0,0
,,음식물류 폐기물 분리배출,EMPTY,"55,278.50","55,278.50",0,0,0
경기,안양시,합계,,"141,191.20","63,577.10","62,844.20","14,769.90",0
,,종량제방식 등 혼합배출,소계,"81,512.90","3,898.80","62,844.20","14,769.90",0
,,"재활용 
가능자원
 분리배출",소계,"18,828.90","18,828.90",0,0,0
,,음식물류 폐기물 분리배출,EMPTY,"40,849.40","40,849.40",0,0,0
경기,화성시,합계,,"251,848.80","153,052.40","75,849.40","22,947.00",0
,,종량제방식 등 혼합배출,소계,"115,303.80","16,513.20","75,843.60","22,947.00",0
,,"재활용 
가능자원
 분리배출",소계,"61,602.40","61,602.40",0,0,0
,,음식물류 폐기물 분리배출,EMPTY,"74,942.60","74,936.80",5.8,0,0
경기,평택시,합계,,"202,165.20","183,080.30","8,244.00","10,840.90",0
,,종량제방식 등 혼합배출,소계,"97,255.90","78,171.00","8,244.00","10,840.90",0
,,"재활용 
가능자원
 분리배출",소계,"48,863.80","48,863.80",0,0,0
,,음식물류 폐기물 분리배출,EMPTY,"56,045.50","56,045.50",0,0,0
경기,의정부시,합계,,"146,138.70","86,516.50","51,669.10","7,127.90",825.2
,,종량제방식 등 혼합배출,소계,"68,882.20","9,600.10","51,329.40","7,127.90",824.8
,,"재활용 
가능자원
 분리배출",소계,"36,644.80","36,304.70",339.7,0,0.4
,,음식물류 폐기물 분리배출,EMPTY,"40,611.70","40,611.70",0,0,0
경기,시흥시,합계,,"172,060.00","92,545.80","57,296.20","22,218.00",0
,,종량제방식 등 혼합배출,소계,"77,222.20","4,755.10","50,249.10","22,218.00",0
,,"재활용 
가능자원
 분리배출",소계,"41,424.70","34,377.60","7,047.10",0,0
,,음식물류 폐기물 분리배출,EMPTY,"53,413.10","53,413.10",0,0,0
경기,파주시,합계,,"144,979.10","77,724.50","66,262.00",992.6,0
,,종량제방식 등 혼합배출,소계,"81,646.90","14,392.30","66,262.00",992.6,0
,,"재활용 
가능자원
 분리배출",소계,"32,572.90","32,572.90",0,0,0
,,음식물류 폐기물 분리배출,EMPTY,"30,759.30","30,759.30",0,0,0
경기,김포시,합계,,"147,681.80","80,888.90","33,189.90","33,603.00",0
,,종량제방식 등 혼합배출,소계,"81,420.10","15,728.00","32,089.10","33,603.00",0
,,"재활용 
가능자원
 분리배출",소계,"38,507.50","37,406.70","1,100.80",0,0
,,음식물류 폐기물 분리배출,EMPTY,"27,754.20","27,754.20",0,0,0
경기,광명시,합계,,"88,655.70","45,919.70","38,060.00","4,676.00",0
,,종량제방식 등 혼합배출,소계,"46,399.80","3,663.80","38,060.00","4,676.00",0
,,"재활용 
가능자원
 분리배출",소계,"24,032.10","24,032.10",0,0,0
,,음식물류 폐기물 분리배출,EMPTY,"18,223.80","18,223.80",0,0,0
경기,광주시,합계,,"122,676.90","75,476.80","39,061.00","8,139.10",0
,,종량제방식 등 혼합배출,소계,"62,861.10","15,661.00","39,061.00","8,139.10",0
,,"재활용 
가능자원
 분리배출",소계,"23,354.50","23,354.50",0,0,0
,,음식물류 폐기물 분리배출,EMPTY,"36,461.30","36,461.30",0,0,0
경기,군포시,합계,,"76,585.90","28,598.00","47,987.90",0,0
,,종량제방식 등 혼합배출,소계,"46,287.50",0,"46,287.50",0,0
,,"재활용 
가능자원
 분리배출",소계,"10,249.20","8,570.20","1,679.00",0,0
,,음식물류 폐기물 분리배출,EMPTY,"20,049.20","20,027.80",21.4,0,0
경기,오산시,합계,,"64,685.90","40,189.10","22,423.40","2,073.40",0
,,종량제방식 등 혼합배출,소계,"27,661.70","3,164.90","22,423.40","2,073.40",0
,,"재활용 
가능자원
 분리배출",소계,"17,013.10","17,013.10",0,0,0
,,음식물류 폐기물 분리배출,EMPTY,"20,011.10","20,011.10",0,0,0
경기,이천시,합계,,"80,891.90","57,698.50","21,495.00","1,698.40",0
,,종량제방식 등 혼합배출,소계,"35,541.40","12,348.00","21,495.00","1,698.40",0
,,"재활용 
가능자원
 분리배출",소계,"18,501.90","18,501.90",0,0,0
,,음식물류 폐기물 분리배출,EMPTY,"26,848.60","26,848.60",0,0,0
경기,양주시,합계,,"81,107.30","44,391.30","35,525.90","1,190.10",0
,,종량제방식 등 혼합배출,소계,"43,626.80","9,910.80","32,525.90","1,190.10",0
,,"재활용 
가능자원
 분리배출",소계,"15,496.30","12,496.30","3,000.00",0,0
,,음식물류 폐기물 분리배출,EMPTY,"21,984.20","21,984.20",0,0,0
경기,안성시,합계,,"56,155.90","35,135.90","13,794.50","7,214.00",11.5
,,종량제방식 등 혼합배출,소계,"28,976.90","9,109.00","12,719.30","7,148.60",0
,,"재활용 
가능자원
 분리배출",소계,"13,470.10","12,329.50","1,075.20",65.4,0
,,음식물류 폐기물 분리배출,EMPTY,"13,708.90","13,697.40",0,0,11.5
경기,구리시,합계,,"68,964.80","39,550.30","26,654.80","2,382.80",376.9
,,종량제방식 등 혼합배출,소계,"39,766.10","12,324.40","24,896.90","2,382.80",162
,,"재활용 
가능자원
 분리배출",소계,"12,580.30","10,822.40","1,757.90",0,0
,,음식물류 폐기물 분리배출,EMPTY,"16,618.40","16,403.50",0,0,214.9
경기,포천시,합계,,"58,803.70","25,453.20","31,657.20","1,693.30",0
,,종량제방식 등 혼합배출,소계,"35,183.60","1,833.10","31,657.20","1,693.30",0
,,"재활용 
가능자원
 분리배출",소계,"10,680.70","10,680.70",0,0,0
,,음식물류 폐기물 분리배출,EMPTY,"12,939.40","12,939.40",0,0,0
경기,의왕시,합계,,"48,674.90","34,348.50","9,754.90","4,571.50",0
,,종량제방식 등 혼합배출,소계,"21,167.10","7,165.70","9,429.90","4,571.50",0
,,"재활용 
가능자원
 분리배출",소계,"13,584.80","13,259.80",325,0,0
,,음식물류 폐기물 분리배출,EMPTY,"13,923.00","13,923.00",0,0,0
경기,하남시,합계,,"84,585.50","58,626.10","23,933.90","2,025.50",0
,,종량제방식 등 혼합배출,소계,"35,952.70","9,993.30","23,933.90","2,025.50",0
,,"재활용 
가능자원
 분리배출",소계,"22,866.90","22,866.90",0,0,0
,,음식물류 폐기물 분리배출,EMPTY,"25,765.90","25,765.90",0,0,0
경기,여주시,합계,,"42,350.10","23,853.70","10,995.50","7,487.70",13.2
,,종량제방식 등 혼합배출,소계,"18,015.60",0,"10,995.50","7,020.10",0
,,"재활용 
가능자원
 분리배출",소계,"11,121.60","10,654.00",0,467.6,0
,,음식물류 폐기물 분리배출,EMPTY,"13,212.90","13,199.70",0,0,13.2
경기,양평군,합계,,"27,050.90","14,949.20","11,151.70",950,0
,,종량제방식 등 혼합배출,소계,"12,101.70",0,"11,151.70",950,0
,,"재활용 
가능자원
 분리배출",소계,"7,086.30","7,086.30",0,0,0
,,음식물류 폐기물 분리배출,EMPTY,"7,862.90","7,862.90",0,0,0
경기,동두천시,합계,,"37,205.40","16,128.80","21,076.60",0,0
,,종량제방식 등 혼합배출,소계,"20,681.50",986.9,"19,694.60",0,0
,,"재활용 
가능자원
 분리배출",소계,"6,096.90","4,714.90","1,382.00",0,0
,,음식물류 폐기물 분리배출,EMPTY,"10,427.00","10,427.00",0,0,0
경기,과천시,합계,,"24,511.10","12,835.80","11,472.40",202.8,0.1
,,종량제방식 등 혼합배출,소계,"12,090.40",415.2,"11,472.40",202.8,0
,,"재활용 
가능자원
 분리배출",소계,"7,501.70","7,501.70",0,0,0
,,음식물류 폐기물 분리배출,EMPTY,"4,919.00","4,918.90",0,0,0.1
경기,가평군,합계,,"33,901.80","28,417.80",639,"4,845.00",0
,,종량제방식 등 혼합배출,소계,"20,060.00","15,820.00",0,"4,240.00",0
,,"재활용 
가능자원
 분리배출",소계,"5,939.60","4,695.60",639,605,0
,,음식물류 폐기물 분리배출,EMPTY,"7,902.20","7,902.20",0,0,0
경기,연천군,합계,,"13,612.20","4,839.10","8,760.10",13,0
,,종량제방식 등 혼합배출,소계,"8,773.10",0,"8,760.10",13,0
,,"재활용 
가능자원
 분리배출",소계,"1,944.60","1,944.60",0,0,0
,,음식물류 폐기물 분리배출,EMPTY,"2,894.50","2,894.50",0,0,0
강원,소계,합계,,"630,969.50","304,210.00","155,455.90","170,932.40",371.2
,,종량제방식 등 혼합배출,소계,"378,952.60","78,375.60","140,027.50","160,549.50",0
,,"재활용 
가능자원
 분리배출",소계,"103,015.70","85,188.90","8,830.80","8,996.00",0
,,음식물류 폐기물 분리배출,EMPTY,"149,001.20","140,645.50","6,597.60","1,386.90",371.2
강원,춘천시,합계,,"100,070.50","32,827.80","49,771.80","17,470.90",0
,,종량제방식 등 혼합배출,소계,"62,615.30",0,"46,126.70","16,488.60",0
,,"재활용 
가능자원
 분리배출",소계,"14,342.30","9,714.90","3,645.10",982.3,0
,,음식물류 폐기물 분리배출,EMPTY,"23,112.90","23,112.90",0,0,0
강원,원주시,합계,,"107,447.80","78,585.20",0,"28,862.60",0
,,종량제방식 등 혼합배출,소계,"54,040.70","27,607.10",0,"26,433.60",0
,,"재활용 
가능자원
 분리배출",소계,"22,716.00","20,287.00",0,"2,429.00",0
,,음식물류 폐기물 분리배출,EMPTY,"30,691.10","30,691.10",0,0,0
강원,강릉시,합계,,"73,537.80","29,747.60",606,"43,184.20",0
,,종량제방식 등 혼합배출,소계,"40,274.50",0,606,"39,668.50",0
,,"재활용 
가능자원
 분리배출",소계,"12,095.60","8,579.90",0,"3,515.70",0
,,음식물류 폐기물 분리배출,EMPTY,"21,167.70","21,167.70",0,0,0
강원,동해시,합계,,"41,568.90","28,856.10",0,"12,712.80",0
,,종량제방식 등 혼합배출,소계,"28,319.70","15,751.10",0,"12,568.60",0
,,"재활용 
가능자원
 분리배출",소계,"2,788.80","2,644.60",0,144.2,0
,,음식물류 폐기물 분리배출,EMPTY,"10,460.40","10,460.40",0,0,0
강원,태백시,합계,,"26,253.70","11,888.50","8,817.10","5,548.10",0
,,종량제방식 등 혼합배출,소계,"19,196.50","6,178.90","7,469.50","5,548.10",0
,,"재활용 
가능자원
 분리배출",소계,"2,834.30","1,486.70","1,347.60",0,0
,,음식물류 폐기물 분리배출,EMPTY,"4,222.90","4,222.90",0,0,0
강원,속초시,합계,,"52,093.90","20,445.80","23,038.20","8,609.90",0
,,종량제방식 등 혼합배출,소계,"33,989.00","4,091.70","21,369.30","8,528.00",0
,,"재활용 
가능자원
 분리배출",소계,"5,263.30","3,512.50","1,668.90",81.9,0
,,음식물류 폐기물 분리배출,EMPTY,"12,841.60","12,841.60",0,0,0
강원,삼척시,합계,,"34,251.50","20,770.10",170.7,"12,939.50",371.2
,,종량제방식 등 혼합배출,소계,"25,672.20","12,563.30",170.7,"12,938.20",0
,,"재활용 
가능자원
 분리배출",소계,"2,068.00","2,068.00",0,0,0
,,음식물류 폐기물 분리배출,EMPTY,"6,511.30","6,138.80",0,1.3,371.2
강원,홍천군,합계,,"27,990.40","13,770.50","13,858.00",361.9,0
,,종량제방식 등 혼합배출,소계,"16,239.90","4,456.20","11,477.10",306.6,0
,,"재활용 
가능자원
 분리배출",소계,"4,970.90","4,906.30",9.3,55.3,0
,,음식물류 폐기물 분리배출,EMPTY,"6,779.60","4,408.00","2,371.60",0,0
강원,횡성군,합계,,"19,395.50","11,960.70","4,408.10","3,026.70",0
,,종량제방식 등 혼합배출,소계,"8,578.40","1,904.50","4,310.10","2,363.80",0
,,"재활용 
가능자원
 분리배출",소계,"6,415.80","5,654.90",98,662.9,0
,,음식물류 폐기물 분리배출,EMPTY,"4,401.30","4,401.30",0,0,0
강원,영월군,합계,,"13,734.80","5,595.80","5,962.60","2,176.40",0
,,종량제방식 등 혼합배출,소계,"7,509.90",0,"5,473.40","2,036.50",0
,,"재활용 
가능자원
 분리배출",소계,"3,557.50","2,964.10",489.2,104.2,0
,,음식물류 폐기물 분리배출,EMPTY,"2,667.40","2,631.70",0,35.7,0
강원,평창군,합계,,"20,700.90","18,081.50",0,"2,619.40",0
,,종량제방식 등 혼합배출,소계,"4,746.00","2,211.30",0,"2,534.70",0
,,"재활용 
가능자원
 분리배출",소계,"9,535.50","9,450.80",0,84.7,0
,,음식물류 폐기물 분리배출,EMPTY,"6,419.40","6,419.40",0,0,0
강원,정선군,합계,,"13,076.90","5,795.50","1,058.30","6,223.10",0
,,종량제방식 등 혼합배출,소계,"7,176.10",0,"1,058.30","6,117.80",0
,,"재활용 
가능자원
 분리배출",소계,"2,849.30","2,744.00",0,105.3,0
,,음식물류 폐기물 분리배출,EMPTY,"3,051.50","3,051.50",0,0,0
강원,철원군,합계,,"18,271.40","5,230.90","4,916.30","8,124.20",0
,,종량제방식 등 혼합배출,소계,"11,723.20",0,"4,074.50","7,648.70",0
,,"재활용 
가능자원
 분리배출",소계,"3,517.40","2,500.10",841.8,175.5,0
,,음식물류 폐기물 분리배출,EMPTY,"3,030.80","2,730.80",0,300,0
강원,화천군,합계,,"12,956.00",847,"6,065.50","6,043.50",0
,,종량제방식 등 혼합배출,소계,"10,959.30",0,"5,896.70","5,062.60",0
,,"재활용 
가능자원
 분리배출",소계,941.7,772.9,168.8,0,0
,,음식물류 폐기물 분리배출,EMPTY,"1,055.00",74.1,0,980.9,0
강원,양구군,합계,,"9,295.80","3,881.10","4,875.30",539.4,0
,,종량제방식 등 혼합배출,소계,"5,872.70",458,"4,875.30",539.4,0
,,"재활용 
가능자원
 분리배출",소계,"1,364.50","1,364.50",0,0,0
,,음식물류 폐기물 분리배출,EMPTY,"2,058.60","2,058.60",0,0,0
강원,인제군,합계,,"23,449.80","4,223.10","12,380.10","6,846.60",0
,,종량제방식 등 혼합배출,소계,"18,575.10",0,"12,052.10","6,523.00",0
,,"재활용 
가능자원
 분리배출",소계,"3,643.90","3,127.30",262,254.6,0
,,음식물류 폐기물 분리배출,EMPTY,"1,230.80","1,095.80",66,69,0
강원,고성군,합계,,"17,424.00","7,726.70","5,442.50","4,254.80",0
,,종량제방식 등 혼합배출,소계,"12,227.60","2,863.80","5,442.50","3,921.30",0
,,"재활용 
가능자원
 분리배출",소계,"1,639.40","1,305.90",0,333.5,0
,,음식물류 폐기물 분리배출,EMPTY,"3,557.00","3,557.00",0,0,0
강원,양양군,합계,,"19,449.90","3,976.10","14,085.40","1,388.40",0
,,종량제방식 등 혼합배출,소계,"11,236.50",289.7,"9,625.30","1,321.50",0
,,"재활용 
가능자원
 분리배출",소계,"2,471.50","2,104.50",300.1,66.9,0
,,음식물류 폐기물 분리배출,EMPTY,"5,741.90","1,581.90","4,160.00",0,0
충북,소계,합계,,"599,851.10","246,380.50","287,724.90","60,561.30","5,184.40"
,,종량제방식 등 혼합배출,소계,"342,513.10","5,823.80","279,674.40","54,377.10","2,637.80"
,,"재활용 
가능자원
 분리배출",소계,"118,951.20","112,491.50","4,760.40","1,699.30",0
,,음식물류 폐기물 분리배출,EMPTY,"138,386.80","128,065.20","3,290.10","4,484.90","2,546.60"
충북,청주시,합계,,"309,163.10","136,519.00","153,253.50","19,390.60",0
,,종량제방식 등 혼합배출,소계,"172,644.10",0,"153,253.50","19,390.60",0
,,"재활용 
가능자원
 분리배출",소계,"57,346.00","57,346.00",0,0,0
,,음식물류 폐기물 분리배출,EMPTY,"79,173.00","79,173.00",0,0,0
충북,충주시,합계,,"79,299.60","34,252.70","40,121.60","4,925.30",0
,,종량제방식 등 혼합배출,소계,"41,319.70",0,"36,394.40","4,925.30",0
,,"재활용 
가능자원
 분리배출",소계,"18,584.80","14,857.60","3,727.20",0,0
,,음식물류 폐기물 분리배출,EMPTY,"19,395.10","19,395.10",0,0,0
충북,제천시,합계,,"50,885.70","19,968.30","12,425.70","18,430.20",61.5
,,종량제방식 등 혼합배출,소계,"32,261.60","3,105.00","12,425.70","16,730.90",0
,,"재활용 
가능자원
 분리배출",소계,"8,719.90","7,020.60",0,"1,699.30",0
,,음식물류 폐기물 분리배출,EMPTY,"9,904.20","9,842.70",0,0,61.5
충북,보은군,합계,,"12,738.90","4,026.70","8,437.00",199.8,75.4
,,종량제방식 등 혼합배출,소계,"8,425.00",0,"8,225.20",199.8,0
,,"재활용 
가능자원
 분리배출",소계,"3,732.30","3,520.50",211.8,0,0
,,음식물류 폐기물 분리배출,EMPTY,581.6,506.2,0,0,75.4
충북,옥천군,합계,,"18,124.20","3,973.20","12,324.10","1,826.90",0
,,종량제방식 등 혼합배출,소계,"14,150.70",0,"12,323.80","1,826.90",0
,,"재활용 
가능자원
 분리배출",소계,"3,460.60","3,460.60",0,0,0
,,음식물류 폐기물 분리배출,EMPTY,512.9,512.6,0.3,0,0
충북,영동군,합계,,"12,578.90","2,428.90","7,016.00","3,134.00",0
,,종량제방식 등 혼합배출,소계,"10,102.00",0,"6,968.00","3,134.00",0
,,"재활용 
가능자원
 분리배출",소계,"2,393.20","2,345.20",48,0,0
,,음식물류 폐기물 분리배출,EMPTY,83.7,83.7,0,0,0
충북,증평군,합계,,"12,431.30","2,534.80","5,841.10","1,417.60","2,637.80"
,,종량제방식 등 혼합배출,소계,"9,896.50",0,"5,841.10","1,417.60","2,637.80"
,,"재활용 
가능자원
 분리배출",소계,"2,053.30","2,053.30",0,0,0
,,음식물류 폐기물 분리배출,EMPTY,481.5,481.5,0,0,0
충북,진천군,합계,,"35,867.00","17,027.90","15,951.40","2,830.80",56.9
,,종량제방식 등 혼합배출,소계,"18,153.70","1,551.40","13,986.50","2,615.80",0
,,"재활용 
가능자원
 분리배출",소계,"6,092.00","6,092.00",0,0,0
,,음식물류 폐기물 분리배출,EMPTY,"11,621.30","9,384.50","1,964.90",215,56.9
충북,괴산군,합계,,"14,686.30","6,922.30","6,953.00",811,0
,,종량제방식 등 혼합배출,소계,"6,614.00",0,"6,573.00",41,0
,,"재활용 
가능자원
 분리배출",소계,"5,232.30","4,852.30",380,0,0
,,음식물류 폐기물 분리배출,EMPTY,"2,840.00","2,070.00",0,770,0
충북,음성군,합계,,"36,007.60","15,415.00","14,612.10","5,980.50",0
,,종량제방식 등 혼합배출,소계,"17,662.80","1,167.40","13,287.20","3,208.20",0
,,"재활용 
가능자원
 분리배출",소계,"7,737.30","7,737.30",0,0,0
,,음식물류 폐기물 분리배출,EMPTY,"10,607.50","6,510.30","1,324.90","2,772.30",0
충북,단양군,합계,,"18,068.50","3,311.70","10,789.40","1,614.60","2,352.80"
,,종량제방식 등 혼합배출,소계,"11,283.00",0,"10,396.00",887,0
,,"재활용 
가능자원
 분리배출",소계,"3,599.50","3,206.10",393.4,0,0
,,음식물류 폐기물 분리배출,EMPTY,"3,186.00",105.6,0,727.6,"2,352.80"
충남,소계,합계,,"731,800.30","295,349.80","374,482.40","61,719.60",248.5
,,종량제방식 등 혼합배출,소계,"434,118.20","9,851.40","363,712.80","60,554.00",0
,,"재활용 
가능자원
 분리배출",소계,"111,079.50","99,144.30","10,769.60","1,165.60",0
,,음식물류 폐기물 분리배출,EMPTY,"186,602.60","186,354.10",0,0,248.5
충남,천안시,합계,,"228,961.00","86,337.30","114,840.90","27,534.30",248.5
,,종량제방식 등 혼합배출,소계,"142,375.20",0,"114,840.90","27,534.30",0
,,"재활용 
가능자원
 분리배출",소계,"32,491.70","32,491.70",0,0,0
,,음식물류 폐기물 분리배출,EMPTY,"54,094.10","53,845.60",0,0,248.5
충남,공주시,합계,,"27,103.10","9,806.20","16,885.30",411.6,0
,,종량제방식 등 혼합배출,소계,"16,885.30",0,"16,885.30",0,0
,,"재활용 
가능자원
 분리배출",소계,"3,839.60","3,428.00",0,411.6,0
,,음식물류 폐기물 분리배출,EMPTY,"6,378.20","6,378.20",0,0,0
충남,보령시,합계,,"44,515.70","14,456.90","16,863.20","13,195.60",0
,,종량제방식 등 혼합배출,소계,"30,058.80",0,"16,863.20","13,195.60",0
,,"재활용 
가능자원
 분리배출",소계,"2,675.20","2,675.20",0,0,0
,,음식물류 폐기물 분리배출,EMPTY,"11,781.70","11,781.70",0,0,0
충남,아산시,합계,,"117,027.20","59,655.10","57,372.10",0,0
,,종량제방식 등 혼합배출,소계,"57,372.10",0,"57,372.10",0,0
,,"재활용 
가능자원
 분리배출",소계,"20,898.70","20,898.70",0,0,0
,,음식물류 폐기물 분리배출,EMPTY,"38,756.40","38,756.40",0,0,0
충남,서산시,합계,,"62,003.90","24,367.30","37,636.60",0,0
,,종량제방식 등 혼합배출,소계,"35,358.00",0,"35,358.00",0,0
,,"재활용 
가능자원
 분리배출",소계,"9,518.90","7,240.30","2,278.60",0,0
,,음식물류 폐기물 분리배출,EMPTY,"17,127.00","17,127.00",0,0,0
충남,논산시,합계,,"45,446.70","24,759.70","9,854.00","10,833.00",0
,,종량제방식 등 혼합배출,소계,"29,773.00","9,840.00","9,854.00","10,079.00",0
,,"재활용 
가능자원
 분리배출",소계,"8,797.40","8,043.40",0,754,0
,,음식물류 폐기물 분리배출,EMPTY,"6,876.30","6,876.30",0,0,0
충남,계룡시,합계,,"16,359.00","8,047.30","7,883.40",428.3,0
,,종량제방식 등 혼합배출,소계,"8,311.70",0,"7,883.40",428.3,0
,,"재활용 
가능자원
 분리배출",소계,"2,024.40","2,024.40",0,0,0
,,음식물류 폐기물 분리배출,EMPTY,"6,022.90","6,022.90",0,0,0
충남,당진시,합계,,"60,806.90","22,336.00","38,470.90",0,0
,,종량제방식 등 혼합배출,소계,"37,731.40",0,"37,731.40",0,0
,,"재활용 
가능자원
 분리배출",소계,"7,138.20","6,398.70",739.5,0,0
,,음식물류 폐기물 분리배출,EMPTY,"15,937.30","15,937.30",0,0,0
충남,금산군,합계,,"15,841.50","6,278.60","9,562.90",0,0
,,종량제방식 등 혼합배출,소계,"9,562.90",0,"9,562.90",0,0
,,"재활용 
가능자원
 분리배출",소계,"1,958.50","1,958.50",0,0,0
,,음식물류 폐기물 분리배출,EMPTY,"4,320.10","4,320.10",0,0,0
충남,부여군,합계,,"18,211.50","3,339.20","6,107.00","8,765.30",0
,,종량제방식 등 혼합배출,소계,"8,765.30",0,0,"8,765.30",0
,,"재활용 
가능자원
 분리배출",소계,"8,502.40","2,395.40","6,107.00",0,0
,,음식물류 폐기물 분리배출,EMPTY,943.8,943.8,0,0,0
충남,서천군,합계,,"13,885.10","2,515.60","11,121.70",247.8,0
,,종량제방식 등 혼합배출,소계,"10,661.20",0,"10,413.40",247.8,0
,,"재활용 
가능자원
 분리배출",소계,"1,983.30","1,275.00",708.3,0,0
,,음식물류 폐기물 분리배출,EMPTY,"1,240.60","1,240.60",0,0,0
충남,청양군,합계,,"7,656.40","3,291.70","4,159.30",205.4,0
,,종량제방식 등 혼합배출,소계,"4,376.10",11.4,"4,159.30",205.4,0
,,"재활용 
가능자원
 분리배출",소계,"1,572.90","1,572.90",0,0,0
,,음식물류 폐기물 분리배출,EMPTY,"1,707.40","1,707.40",0,0,0
충남,홍성군,합계,,"34,386.60","14,826.50","19,470.40",89.7,0
,,종량제방식 등 혼합배출,소계,"19,560.10",0,"19,470.40",89.7,0
,,"재활용 
가능자원
 분리배출",소계,"3,958.30","3,958.30",0,0,0
,,음식물류 폐기물 분리배출,EMPTY,"10,868.20","10,868.20",0,0,0
충남,예산군,합계,,"25,013.20","9,356.10","15,648.50",8.6,0
,,종량제방식 등 혼합배출,소계,"14,720.90",0,"14,712.30",8.6,0
,,"재활용 
가능자원
 분리배출",소계,"4,501.00","3,564.80",936.2,0,0
,,음식물류 폐기물 분리배출,EMPTY,"5,791.30","5,791.30",0,0,0
충남,태안군,합계,,"14,582.50","5,976.30","8,606.20",0,0
,,종량제방식 등 혼합배출,소계,"8,606.20",0,"8,606.20",0,0
,,"재활용 
가능자원
 분리배출",소계,"1,219.00","1,219.00",0,0,0
,,음식물류 폐기물 분리배출,EMPTY,"4,757.30","4,757.30",0,0,0
전북,소계,합계,,"621,760.10","312,955.40","234,524.60","64,620.60","9,659.50"
,,종량제방식 등 혼합배출,소계,"295,781.20","20,024.30","212,592.70","63,164.20",0
,,"재활용 
가능자원
 분리배출",소계,"117,158.40","93,770.10","21,931.90","1,456.40",0
,,음식물류 폐기물 분리배출,EMPTY,"208,820.50","199,161.00",0,0,"9,659.50"
전북,전주시,합계,,"236,743.30","141,944.50","82,423.90","12,374.90",0
,,종량제방식 등 혼합배출,소계,"94,251.20","7,920.00","74,121.10","12,210.10",0
,,"재활용 
가능자원
 분리배출",소계,"49,685.20","41,217.60","8,302.80",164.8,0
,,음식물류 폐기물 분리배출,EMPTY,"92,806.90","92,806.90",0,0,0
전북,군산시,합계,,"107,155.60","42,328.00","48,772.70","16,054.90",0
,,종량제방식 등 혼합배출,소계,"65,639.40","3,236.50","46,415.90","15,987.00",0
,,"재활용 
가능자원
 분리배출",소계,"10,565.10","8,140.40","2,356.80",67.9,0
,,음식물류 폐기물 분리배출,EMPTY,"30,951.10","30,951.10",0,0,0
전북,익산시,합계,,"90,246.00","42,857.60","47,388.40",0,0
,,종량제방식 등 혼합배출,소계,"38,122.50",0,"38,122.50",0,0
,,"재활용 
가능자원
 분리배출",소계,"21,661.40","12,395.50","9,265.90",0,0
,,음식물류 폐기물 분리배출,EMPTY,"30,462.10","30,462.10",0,0,0
전북,정읍시,합계,,"34,818.10","4,687.90","17,511.40","2,963.80","9,655.00"
,,종량제방식 등 혼합배출,소계,"18,908.30",0,"15,944.50","2,963.80",0
,,"재활용 
가능자원
 분리배출",소계,"5,129.40","3,562.50","1,566.90",0,0
,,음식물류 폐기물 분리배출,EMPTY,"10,780.40","1,125.40",0,0,"9,655.00"
전북,남원시,합계,,"26,517.30","9,897.30",0,"16,620.00",0
,,종량제방식 등 혼합배출,소계,"15,536.00",0,0,"15,536.00",0
,,"재활용 
가능자원
 분리배출",소계,"4,161.10","3,077.10",0,"1,084.00",0
,,음식물류 폐기물 분리배출,EMPTY,"6,820.20","6,820.20",0,0,0
전북,김제시,합계,,"25,712.80","15,949.00","7,973.70","1,790.10",0
,,종량제방식 등 혼합배출,소계,"14,319.30","4,555.50","7,973.70","1,790.10",0
,,"재활용 
가능자원
 분리배출",소계,"2,522.80","2,522.80",0,0,0
,,음식물류 폐기물 분리배출,EMPTY,"8,870.70","8,870.70",0,0,0
전북,완주군,합계,,"26,178.60","14,645.40","10,563.00",970.2,0
,,종량제방식 등 혼합배출,소계,"11,533.20",0,"10,563.00",970.2,0
,,"재활용 
가능자원
 분리배출",소계,"3,490.60","3,490.60",0,0,0
,,음식물류 폐기물 분리배출,EMPTY,"11,154.80","11,154.80",0,0,0
전북,진안군,합계,,"8,762.40","6,162.90",0,"2,595.00",4.5
,,종량제방식 등 혼합배출,소계,"3,295.00",700,0,"2,595.00",0
,,"재활용 
가능자원
 분리배출",소계,"3,949.80","3,949.80",0,0,0
,,음식물류 폐기물 분리배출,EMPTY,"1,517.60","1,513.10",0,0,4.5
전북,무주군,합계,,"7,077.40","7,077.40",0,0,0
,,종량제방식 등 혼합배출,소계,"3,612.30","3,612.30",0,0,0
,,"재활용 
가능자원
 분리배출",소계,"1,948.90","1,948.90",0,0,0
,,음식물류 폐기물 분리배출,EMPTY,"1,516.20","1,516.20",0,0,0
전북,장수군,합계,,"10,964.90","2,229.90","8,735.00",0,0
,,종량제방식 등 혼합배출,소계,"8,735.00",0,"8,735.00",0,0
,,"재활용 
가능자원
 분리배출",소계,939.1,939.1,0,0,0
,,음식물류 폐기물 분리배출,EMPTY,"1,290.80","1,290.80",0,0,0
전북,임실군,합계,,"4,862.90","2,927.90","1,591.90",343.1,0
,,종량제방식 등 혼합배출,소계,"1,935.00",0,"1,591.90",343.1,0
,,"재활용 
가능자원
 분리배출",소계,"1,168.30","1,168.30",0,0,0
,,음식물류 폐기물 분리배출,EMPTY,"1,759.60","1,759.60",0,0,0
전북,순창군,합계,,"7,219.40","2,781.90","4,437.50",0,0
,,종량제방식 등 혼합배출,소계,"4,437.50",0,"4,437.50",0,0
,,"재활용 
가능자원
 분리배출",소계,"1,288.50","1,288.50",0,0,0
,,음식물류 폐기물 분리배출,EMPTY,"1,493.40","1,493.40",0,0,0
전북,고창군,합계,,"18,477.90","13,098.40","5,127.10",252.4,0
,,종량제방식 등 혼합배출,소계,"4,940.00",0,"4,687.60",252.4,0
,,"재활용 
가능자원
 분리배출",소계,"7,889.50","7,450.00",439.5,0,0
,,음식물류 폐기물 분리배출,EMPTY,"5,648.40","5,648.40",0,0,0
전북,부안군,합계,,"17,023.50","6,367.30",0,"10,656.20",0
,,종량제방식 등 혼합배출,소계,"10,516.50",0,0,"10,516.50",0
,,"재활용 
가능자원
 분리배출",소계,"2,758.70","2,619.00",0,139.7,0
,,음식물류 폐기물 분리배출,EMPTY,"3,748.30","3,748.30",0,0,0
전남,소계,합계,,"663,817.80","301,445.40","133,840.50","176,797.70","51,734.20"
,,종량제방식 등 혼합배출,소계,"350,030.30","35,169.00","117,193.90","150,353.60","47,313.80"
,,"재활용 
가능자원
 분리배출",소계,"117,885.00","108,307.30","3,119.90","3,059.80","3,398.00"
,,음식물류 폐기물 분리배출,EMPTY,"195,902.50","157,969.10","13,526.70","23,384.30","1,022.40"
전남,목포시,합계,,"89,502.50","38,588.00",0,"3,600.70","47,313.80"
,,종량제방식 등 혼합배출,소계,"50,081.60",0,0,"2,767.80","47,313.80"
,,"재활용 
가능자원
 분리배출",소계,"13,171.40","12,338.50",0,832.9,0
,,음식물류 폐기물 분리배출,EMPTY,"26,249.50","26,249.50",0,0,0
전남,여수시,합계,,"136,329.80","48,176.30","24,156.00","63,244.50",753
,,종량제방식 등 혼합배출,소계,"85,799.50",0,"23,180.00","62,619.50",0
,,"재활용 
가능자원
 분리배출",소계,"12,225.90","9,871.90",976,625,753
,,음식물류 폐기물 분리배출,EMPTY,"38,304.40","38,304.40",0,0,0
전남,순천시,합계,,"84,605.90","73,378.00",0,"8,582.90","2,645.00"
,,종량제방식 등 혼합배출,소계,"36,646.00","28,063.10",0,"8,582.90",0
,,"재활용 
가능자원
 분리배출",소계,"14,134.10","11,489.10",0,0,"2,645.00"
,,음식물류 폐기물 분리배출,EMPTY,"33,825.80","33,825.80",0,0,0
전남,나주시,합계,,"38,219.60","20,206.20","1,542.00","16,471.40",0
,,종량제방식 등 혼합배출,소계,"18,013.40",0,"1,542.00","16,471.40",0
,,"재활용 
가능자원
 분리배출",소계,"8,068.20","8,068.20",0,0,0
,,음식물류 폐기물 분리배출,EMPTY,"12,138.00","12,138.00",0,0,0
전남,광양시,합계,,"53,759.40","24,684.90",0,"29,074.50",0
,,종량제방식 등 혼합배출,소계,"28,820.00",0,0,"28,820.00",0
,,"재활용 
가능자원
 분리배출",소계,"7,383.20","7,131.80",0,251.4,0
,,음식물류 폐기물 분리배출,EMPTY,"17,556.20","17,553.10",0,3.1,0
전남,담양군,합계,,"15,917.90","2,731.50","6,276.00","6,910.40",0
,,종량제방식 등 혼합배출,소계,"9,209.90",0,"6,133.10","3,076.80",0
,,"재활용 
가능자원
 분리배출",소계,"2,874.40","2,731.50",142.9,0,0
,,음식물류 폐기물 분리배출,EMPTY,"3,833.60",0,0,"3,833.60",0
전남,곡성군,합계,,"7,956.60","4,513.90",0,"3,053.00",389.7
,,종량제방식 등 혼합배출,소계,"3,053.00",0,0,"3,053.00",0
,,"재활용 
가능자원
 분리배출",소계,"2,207.70","2,207.70",0,0,0
,,음식물류 폐기물 분리배출,EMPTY,"2,695.90","2,306.20",0,0,389.7
전남,구례군,합계,,"6,211.70","2,618.60","3,573.40",0,19.7
,,종량제방식 등 혼합배출,소계,"3,573.40",0,"3,573.40",0,0
,,"재활용 
가능자원
 분리배출",소계,395.9,395.9,0,0,0
,,음식물류 폐기물 분리배출,EMPTY,"2,242.40","2,222.70",0,0,19.7
전남,고흥군,합계,,"17,495.50","4,275.50","7,721.60","5,498.40",0
,,종량제방식 등 혼합배출,소계,"7,721.60",0,"7,721.60",0,0
,,"재활용 
가능자원
 분리배출",소계,"4,177.10","4,177.10",0,0,0
,,음식물류 폐기물 분리배출,EMPTY,"5,596.80",98.4,0,"5,498.40",0
전남,보성군,합계,,"12,798.40","7,726.10","4,737.50",334.8,0
,,종량제방식 등 혼합배출,소계,"5,072.30",0,"4,737.50",334.8,0
,,"재활용 
가능자원
 분리배출",소계,"2,953.50","2,953.50",0,0,0
,,음식물류 폐기물 분리배출,EMPTY,"4,772.60","4,772.60",0,0,0
전남,화순군,합계,,"17,555.50","13,457.50",120.6,"3,977.40",0
,,종량제방식 등 혼합배출,소계,"8,392.00","4,294.00",120.6,"3,977.40",0
,,"재활용 
가능자원
 분리배출",소계,"3,105.00","3,105.00",0,0,0
,,음식물류 폐기물 분리배출,EMPTY,"6,058.50","6,058.50",0,0,0
전남,장흥군,합계,,"10,498.90","2,192.30","4,195.80","4,110.80",0
,,종량제방식 등 혼합배출,소계,"4,195.80",0,"4,195.80",0,0
,,"재활용 
가능자원
 분리배출",소계,"2,943.90","2,061.30",0,882.6,0
,,음식물류 폐기물 분리배출,EMPTY,"3,359.20",131,0,"3,228.20",0
전남,강진군,합계,,"9,059.30","3,538.30","4,660.00",861,0
,,종량제방식 등 혼합배출,소계,"5,465.00",0,"4,604.00",861,0
,,"재활용 
가능자원
 분리배출",소계,"1,332.30","1,276.30",56,0,0
,,음식물류 폐기물 분리배출,EMPTY,"2,262.00","2,262.00",0,0,0
전남,해남군,합계,,"27,554.40","17,170.30","8,976.30","1,407.80",0
,,종량제방식 등 혼합배출,소계,"10,004.30",0,"8,712.30","1,292.00",0
,,"재활용 
가능자원
 분리배출",소계,"13,110.50","12,730.70",264,115.8,0
,,음식물류 폐기물 분리배출,EMPTY,"4,439.60","4,439.60",0,0,0
전남,영암군,합계,,"21,529.50","6,642.90","14,808.30",78.3,0
,,종량제방식 등 혼합배출,소계,"9,324.00",0,"9,324.00",0,0
,,"재활용 
가능자원
 분리배출",소계,"6,294.50","5,200.90","1,015.30",78.3,0
,,음식물류 폐기물 분리배출,EMPTY,"5,911.00","1,442.00","4,469.00",0,0
전남,무안군,합계,,"37,072.90","9,958.70","10,743.40","16,370.80",0
,,종량제방식 등 혼합배출,소계,"16,079.00",0,"7,209.00","8,870.00",0
,,"재활용 
가능자원
 분리배출",소계,"9,337.50","8,763.30",300.4,273.8,0
,,음식물류 폐기물 분리배출,EMPTY,"11,656.40","1,195.40","3,234.00","7,227.00",0
전남,함평군,합계,,"7,607.00","2,726.60","4,298.60",581.8,0
,,종량제방식 등 혼합배출,소계,"4,880.40",0,"4,298.60",581.8,0
,,"재활용 
가능자원
 분리배출",소계,"1,148.50","1,148.50",0,0,0
,,음식물류 폐기물 분리배출,EMPTY,"1,578.10","1,578.10",0,0,0
전남,영광군,합계,,"17,903.70","1,987.00","6,655.30","9,261.40",0
,,종량제방식 등 혼합배출,소계,"13,058.30",0,"5,702.20","7,356.10",0
,,"재활용 
가능자원
 분리배출",소계,"1,987.00","1,987.00",0,0,0
,,음식물류 폐기물 분리배출,EMPTY,"2,858.40",0,953.1,"1,905.30",0
전남,장성군,합계,,"12,707.10","5,016.30","7,680.30",10.5,0
,,종량제방식 등 혼합배출,소계,"7,325.50",0,"7,315.00",10.5,0
,,"재활용 
가능자원
 분리배출",소계,"2,090.80","1,725.50",365.3,0,0
,,음식물류 폐기물 분리배출,EMPTY,"3,290.80","3,290.80",0,0,0
전남,완도군,합계,,"14,211.80","3,229.20","9,352.20","1,630.40",0
,,종량제방식 등 혼합배출,소계,"8,252.30","1,522.00","5,400.40","1,329.90",0
,,"재활용 
가능자원
 분리배출",소계,"1,707.20","1,707.20",0,0,0
,,음식물류 폐기물 분리배출,EMPTY,"4,252.30",0,"3,951.80",300.5,0
전남,진도군,합계,,"10,370.60","3,484.60","6,886.00",0,0
,,종량제방식 등 혼합배출,소계,"6,886.00",0,"6,886.00",0,0
,,"재활용 
가능자원
 분리배출",소계,"3,484.60","3,484.60",0,0,0
,,음식물류 폐기물 분리배출,EMPTY,0,0,0,0,0
전남,신안군,합계,,"14,949.80","5,142.70","7,457.20","1,736.90",613
,,종량제방식 등 혼합배출,소계,"8,177.00","1,289.90","6,538.40",348.7,0
,,"재활용 
가능자원
 분리배출",소계,"3,751.80","3,751.80",0,0,0
,,음식물류 폐기물 분리배출,EMPTY,"3,021.00",101,918.8,"1,388.20",613
경북,소계,합계,,"978,081.10","482,241.00","370,856.90","85,218.80","39,764.40"
,,종량제방식 등 혼합배출,소계,"594,301.30","124,717.20","351,985.80","80,646.50","36,951.80"
,,"재활용 
가능자원
 분리배출",소계,"148,089.40","135,372.00","8,962.60","3,073.20",681.6
,,음식물류 폐기물 분리배출,EMPTY,"235,690.40","222,151.80","9,908.50","1,499.10","2,131.00"
경북,포항시,합계,,"173,937.00","171,922.00",0,"2,015.00",0
,,종량제방식 등 혼합배출,소계,"101,419.80","99,404.80",0,"2,015.00",0
,,"재활용 
가능자원
 분리배출",소계,"13,519.60","13,519.60",0,0,0
,,음식물류 폐기물 분리배출,EMPTY,"58,997.60","58,997.60",0,0,0
경북,경주시,합계,,"107,221.90","34,099.50","31,030.50","5,140.10","36,951.80"
,,종량제방식 등 혼합배출,소계,"71,177.30",413.9,"28,671.50","5,140.10","36,951.80"
,,"재활용 
가능자원
 분리배출",소계,"8,031.60","5,672.60","2,359.00",0,0
,,음식물류 폐기물 분리배출,EMPTY,"28,013.00","28,013.00",0,0,0
경북,김천시,합계,,"37,143.80","15,919.30","21,184.20",40.3,0
,,종량제방식 등 혼합배출,소계,"20,843.90",0,"20,843.90",0,0
,,"재활용 
가능자원
 분리배출",소계,"7,689.40","7,308.80",340.3,40.3,0
,,음식물류 폐기물 분리배출,EMPTY,"8,610.50","8,610.50",0,0,0
경북,안동시,합계,,"67,168.50","35,072.60","29,616.30","2,479.60",0
,,종량제방식 등 혼합배출,소계,"32,817.80","1,477.90","28,860.30","2,479.60",0
,,"재활용 
가능자원
 분리배출",소계,"17,469.30","16,713.30",756,0,0
,,음식물류 폐기물 분리배출,EMPTY,"16,881.40","16,881.40",0,0,0
경북,구미시,합계,,"155,318.50","74,204.90","75,958.50","5,155.10",0
,,종량제방식 등 혼합배출,소계,"89,865.90","8,752.30","75,958.50","5,155.10",0
,,"재활용 
가능자원
 분리배출",소계,"28,470.90","28,470.90",0,0,0
,,음식물류 폐기물 분리배출,EMPTY,"36,981.70","36,981.70",0,0,0
경북,영주시,합계,,"43,522.70","16,193.90","17,584.50","9,744.30",0
,,종량제방식 등 혼합배출,소계,"29,269.80","1,941.00","17,584.50","9,744.30",0
,,"재활용 
가능자원
 분리배출",소계,"4,818.60","4,818.60",0,0,0
,,음식물류 폐기물 분리배출,EMPTY,"9,434.30","9,434.30",0,0,0
경북,영천시,합계,,"33,253.20","11,260.00","21,988.70",4.5,0
,,종량제방식 등 혼합배출,소계,"21,420.70",597.4,"20,818.80",4.5,0
,,"재활용 
가능자원
 분리배출",소계,"5,024.00","3,854.10","1,169.90",0,0
,,음식물류 폐기물 분리배출,EMPTY,"6,808.50","6,808.50",0,0,0
경북,상주시,합계,,"31,427.90","13,194.50","16,588.20","1,645.20",0
,,종량제방식 등 혼합배출,소계,"20,929.90","2,826.50","16,458.20","1,645.20",0
,,"재활용 
가능자원
 분리배출",소계,"5,592.00","5,462.00",130,0,0
,,음식물류 폐기물 분리배출,EMPTY,"4,906.00","4,906.00",0,0,0
경북,문경시,합계,,"33,784.00","4,972.00","20,087.00","8,725.00",0
,,종량제방식 등 혼합배출,소계,"22,922.40",0,"14,377.10","8,545.30",0
,,"재활용 
가능자원
 분리배출",소계,"3,994.60","3,361.00",453.9,179.7,0
,,음식물류 폐기물 분리배출,EMPTY,"6,867.00","1,611.00","5,256.00",0,0
경북,경산시,합계,,"94,144.30","44,142.80","29,341.30","20,660.20",0
,,종량제방식 등 혼합배출,소계,"49,423.40","2,057.90","28,862.30","18,503.20",0
,,"재활용 
가능자원
 분리배출",소계,"16,444.30","13,808.30",479,"2,157.00",0
,,음식물류 폐기물 분리배출,EMPTY,"28,276.60","28,276.60",0,0,0
경북,군위군,합계,,"9,197.00","2,188.00","2,997.50","4,008.50",3
,,종량제방식 등 혼합배출,소계,"7,006.00",0,"2,997.50","4,008.50",0
,,"재활용 
가능자원
 분리배출",소계,"1,526.90","1,526.90",0,0,0
,,음식물류 폐기물 분리배출,EMPTY,664.1,661.1,0,0,3
경북,의성군,합계,,"14,148.80","5,317.60","7,715.80","1,115.40",0
,,종량제방식 등 혼합배출,소계,"8,636.70",0,"7,521.30","1,115.40",0
,,"재활용 
가능자원
 분리배출",소계,"3,816.00","3,621.50",194.5,0,0
,,음식물류 폐기물 분리배출,EMPTY,"1,696.10","1,696.10",0,0,0
경북,청송군,합계,,"11,500.80","2,043.70","9,457.10",0,0
,,종량제방식 등 혼합배출,소계,"9,457.10",0,"9,457.10",0,0
,,"재활용 
가능자원
 분리배출",소계,"1,438.40","1,438.40",0,0,0
,,음식물류 폐기물 분리배출,EMPTY,605.3,605.3,0,0,0
경북,영양군,합계,,"7,575.40","3,543.40","1,296.00","2,736.00",0
,,종량제방식 등 혼합배출,소계,"4,032.00",0,"1,296.00","2,736.00",0
,,"재활용 
가능자원
 분리배출",소계,"2,951.20","2,951.20",0,0,0
,,음식물류 폐기물 분리배출,EMPTY,592.2,592.2,0,0,0
경북,영덕군,합계,,"21,131.40","2,004.60","6,380.10","10,641.70","2,105.00"
,,종량제방식 등 혼합배출,소계,"15,189.40",543.7,"5,872.30","8,773.40",0
,,"재활용 
가능자원
 분리배출",소계,"2,262.70","1,289.90",507.8,465,0
,,음식물류 폐기물 분리배출,EMPTY,"3,679.30",171,0,"1,403.30","2,105.00"
경북,청도군,합계,,"12,073.60","6,064.20","3,637.10","2,372.30",0
,,종량제방식 등 혼합배출,소계,"7,646.80","1,637.40","3,637.10","2,372.30",0
,,"재활용 
가능자원
 분리배출",소계,"1,581.90","1,581.90",0,0,0
,,음식물류 폐기물 분리배출,EMPTY,"2,844.90","2,844.90",0,0,0
경북,고령군,합계,,"13,414.80","8,336.30","4,878.40",188.7,11.4
,,종량제방식 등 혼합배출,소계,"8,380.90","4,057.70","4,222.20",101,0
,,"재활용 
가능자원
 분리배출",소계,"3,436.60","2,692.70",656.2,87.7,0
,,음식물류 폐기물 분리배출,EMPTY,"1,597.30","1,585.90",0,0,11.4
경북,성주군,합계,,"12,566.30","4,839.10","6,688.30","1,027.30",11.6
,,종량제방식 등 혼합배출,소계,"7,498.20",110.2,"6,433.80",954.2,0
,,"재활용 
가능자원
 분리배출",소계,"3,050.10","2,722.50",254.5,73.1,0
,,음식물류 폐기물 분리배출,EMPTY,"2,018.00","2,006.40",0,0,11.6
경북,칠곡군,합계,,"40,090.80","4,409.50","31,889.90","3,791.40",0
,,종량제방식 등 혼합배출,소계,"29,367.30",0,"25,575.90","3,791.40",0
,,"재활용 
가능자원
 분리배출",소계,"4,835.70","3,174.20","1,661.50",0,0
,,음식물류 폐기물 분리배출,EMPTY,"5,887.80","1,235.30","4,652.50",0,0
경북,예천군,합계,,"15,253.70","7,394.20","7,140.20",719.3,0
,,종량제방식 등 혼합배출,소계,"7,789.10",0,"7,140.20",648.9,0
,,"재활용 
가능자원
 분리배출",소계,"4,178.70","4,108.30",0,70.4,0
,,음식물류 폐기물 분리배출,EMPTY,"3,285.90","3,285.90",0,0,0
경북,봉화군,합계,,"14,198.90","5,522.50","7,853.10",823.3,0
,,종량제방식 등 혼합배출,소계,"9,572.90",896.5,"7,853.10",823.3,0
,,"재활용 
가능자원
 분리배출",소계,"4,445.20","4,445.20",0,0,0
,,음식물류 폐기물 분리배출,EMPTY,180.8,180.8,0,0,0
경북,울진군,합계,,"23,608.50","7,427.80","14,090.90","2,089.80",0
,,종량제방식 등 혼합배출,소계,"16,180.70",0,"14,090.90","2,089.80",0
,,"재활용 
가능자원
 분리배출",소계,"1,595.70","1,595.70",0,0,0
,,음식물류 폐기물 분리배출,EMPTY,"5,832.10","5,832.10",0,0,0
경북,울릉군,합계,,"6,399.30","2,168.60","3,453.30",95.8,681.6
,,종량제방식 등 혼합배출,소계,"3,453.30",0,"3,453.30",0,0
,,"재활용 
가능자원
 분리배출",소계,"1,916.00","1,234.40",0,0,681.6
,,음식물류 폐기물 분리배출,EMPTY,"1,030.00",934.2,0,95.8,0
경남,소계,합계,,"1,175,828.20","576,882.80","375,911.50","197,688.10","25,345.80"
,,종량제방식 등 혼합배출,소계,"575,430.50","31,307.00","352,852.10","191,271.40",0
,,"재활용 
가능자원
 분리배출",소계,"289,451.60","266,694.70","17,664.40","2,605.70","2,486.80"
,,음식물류 폐기물 분리배출,EMPTY,"310,946.10","278,881.10","5,395.00","3,811.00","22,859.00"
경남,창원시,합계,,"409,633.80","220,333.70","147,826.80","41,473.30",0
,,종량제방식 등 혼합배출,소계,"179,271.60","1,113.60","137,096.60","41,061.40",0
,,"재활용 
가능자원
 분리배출",소계,"121,485.80","110,343.70","10,730.20",411.9,0
,,음식물류 폐기물 분리배출,EMPTY,"108,876.40","108,876.40",0,0,0
경남,진주시,합계,,"139,626.80","75,970.00",160.2,"63,496.60",0
,,종량제방식 등 혼합배출,소계,"63,000.70",0,0,"63,000.70",0
,,"재활용 
가능자원
 분리배출",소계,"44,656.40","44,000.30",160.2,495.9,0
,,음식물류 폐기물 분리배출,EMPTY,"31,969.70","31,969.70",0,0,0
경남,통영시,합계,,"44,613.80","12,995.90","26,985.80","3,878.10",754
,,종량제방식 등 혼합배출,소계,"27,029.60",0,"23,316.20","3,713.40",0
,,"재활용 
가능자원
 분리배출",소계,"6,347.90","3,243.20","2,186.00",164.7,754
,,음식물류 폐기물 분리배출,EMPTY,"11,236.30","9,752.70","1,483.60",0,0
경남,사천시,합계,,"37,542.00","14,542.30","14,575.90","8,423.80",0
,,종량제방식 등 혼합배출,소계,"22,343.60",0,"14,415.70","7,927.90",0
,,"재활용 
가능자원
 분리배출",소계,"3,762.20","3,106.10",160.2,495.9,0
,,음식물류 폐기물 분리배출,EMPTY,"11,436.20","11,436.20",0,0,0
경남,김해시,합계,,"161,140.70","108,013.50","44,731.80","8,395.40",0
,,종량제방식 등 혼합배출,소계,"74,952.90","22,610.10","43,947.40","8,395.40",0
,,"재활용 
가능자원
 분리배출",소계,"33,496.30","32,711.90",784.4,0,0
,,음식물류 폐기물 분리배출,EMPTY,"52,691.50","52,691.50",0,0,0
경남,밀양시,합계,,"33,081.80","12,586.30","13,788.00","6,707.50",0
,,종량제방식 등 혼합배출,소계,"19,181.00",0,"12,897.00","6,284.00",0
,,"재활용 
가능자원
 분리배출",소계,"5,375.50","4,311.00",641,423.5,0
,,음식물류 폐기물 분리배출,EMPTY,"8,525.30","8,275.30",250,0,0
경남,거제시,합계,,"82,296.50","10,597.80","40,760.10","6,566.80","24,371.80"
,,종량제방식 등 혼합배출,소계,"48,310.90",984,"40,760.10","6,566.80",0
,,"재활용 
가능자원
 분리배출",소계,"9,145.50","7,632.70",0,0,"1,512.80"
,,음식물류 폐기물 분리배출,EMPTY,"24,840.10","1,981.10",0,0,"22,859.00"
경남,양산시,합계,,"110,174.90","64,314.90","28,613.10","17,246.90",0
,,종량제방식 등 혼합배출,소계,"44,820.00",0,"27,573.10","17,246.90",0
,,"재활용 
가능자원
 분리배출",소계,"34,564.60","33,524.60","1,040.00",0,0
,,음식물류 폐기물 분리배출,EMPTY,"30,790.30","30,790.30",0,0,0
경남,의령군,합계,,"7,677.60","6,152.00",0,"1,525.60",0
,,종량제방식 등 혼합배출,소계,"4,057.50","4,057.50",0,0,0
,,"재활용 
가능자원
 분리배출",소계,"1,799.30","1,799.30",0,0,0
,,음식물류 폐기물 분리배출,EMPTY,"1,820.80",295.2,0,"1,525.60",0
경남,함안군,합계,,"22,197.60","4,516.30","16,937.10",744.2,0
,,종량제방식 등 혼합배출,소계,"15,604.90",0,"14,860.70",744.2,0
,,"재활용 
가능자원
 분리배출",소계,"3,408.90","3,408.90",0,0,0
,,음식물류 폐기물 분리배출,EMPTY,"3,183.80","1,107.40","2,076.40",0,0
경남,창녕군,합계,,"19,983.60","9,186.80","8,216.80","2,572.00",8
,,종량제방식 등 혼합배출,소계,"10,727.80",350,"7,867.80","2,510.00",0
,,"재활용 
가능자원
 분리배출",소계,"4,399.90","3,980.90",349,62,8
,,음식물류 폐기물 분리배출,EMPTY,"4,855.90","4,855.90",0,0,0
경남,고성군,합계,,"13,068.00","3,639.40","6,295.60","3,133.00",0
,,종량제방식 등 혼합배출,소계,"7,861.00",0,"5,087.00","2,774.00",0
,,"재활용 
가능자원
 분리배출",소계,"2,559.70",992.1,"1,208.60",359,0
,,음식물류 폐기물 분리배출,EMPTY,"2,647.30","2,647.30",0,0,0
경남,남해군,합계,,"13,903.20","6,765.10",0,"7,138.10",0
,,종량제방식 등 혼합배출,소계,"7,518.80",495,0,"7,023.80",0
,,"재활용 
가능자원
 분리배출",소계,"3,133.60","3,019.30",0,114.3,0
,,음식물류 폐기물 분리배출,EMPTY,"3,250.80","3,250.80",0,0,0
경남,하동군,합계,,"7,993.90","2,503.00","2,457.20","2,821.70",212
,,종량제방식 등 혼합배출,소계,"3,909.60",711.7,"2,457.20",740.7,0
,,"재활용 
가능자원
 분리배출",소계,"1,462.80","1,250.80",0,0,212
,,음식물류 폐기물 분리배출,EMPTY,"2,621.50",540.5,0,"2,081.00",0
경남,산청군,합계,,"13,763.60","4,761.20","3,449.80","5,552.60",0
,,종량제방식 등 혼합배출,소계,"8,798.00",0,"3,449.80","5,348.20",0
,,"재활용 
가능자원
 분리배출",소계,"3,562.50","3,562.50",0,0,0
,,음식물류 폐기물 분리배출,EMPTY,"1,403.10","1,198.70",0,204.4,0
경남,함양군,합계,,"16,747.60","6,285.90","5,375.50","5,086.20",0
,,종량제방식 등 혼합배출,소계,"11,446.80",985.1,"5,375.50","5,086.20",0
,,"재활용 
가능자원
 분리배출",소계,"2,265.10","2,265.10",0,0,0
,,음식물류 폐기물 분리배출,EMPTY,"3,035.70","3,035.70",0,0,0
경남,거창군,합계,,"27,451.90","8,124.50","8,641.40","10,686.00",0
,,종량제방식 등 혼합배출,소계,"18,844.10",0,"8,236.60","10,607.50",0
,,"재활용 
가능자원
 분리배출",소계,"4,299.20","3,815.90",404.8,78.5,0
,,음식물류 폐기물 분리배출,EMPTY,"4,308.60","4,308.60",0,0,0
경남,합천군,합계,,"14,930.90","5,594.20","7,096.40","2,240.30",0
,,종량제방식 등 혼합배출,소계,"7,751.70",0,"5,511.40","2,240.30",0
,,"재활용 
가능자원
 분리배출",소계,"3,726.40","3,726.40",0,0,0
,,음식물류 폐기물 분리배출,EMPTY,"3,452.80","1,867.80","1,585.00",0,0
제주,소계,합계,,"427,368.30","279,390.10","130,194.90","17,783.30",0
,,종량제방식 등 혼합배출,소계,"136,903.70",0,"120,844.00","16,059.70",0
,,"재활용 
가능자원
 분리배출",소계,"203,268.60","192,847.50","9,136.90","1,284.20",0
,,음식물류 폐기물 분리배출,EMPTY,"87,196.00","86,542.60",214,439.4,0
제주,제주시,합계,,"323,450.30","221,164.20","89,534.40","12,751.70",0
,,종량제방식 등 혼합배출,소계,"94,308.50",0,"82,304.10","12,004.40",0
,,"재활용 
가능자원
 분리배출",소계,"173,964.80","166,640.60","7,016.30",307.9,0
,,음식물류 폐기물 분리배출,EMPTY,"55,177.00","54,523.60",214,439.4,0
제주,서귀포시,합계,,"103,918.00","58,225.90","40,660.50","5,031.60",0
,,종량제방식 등 혼합배출,소계,"42,595.20",0,"38,539.90","4,055.30",0
,,"재활용 
가능자원
 분리배출",소계,"29,303.80","26,206.90","2,120.60",976.3,0
,,음식물류 폐기물 분리배출,EMPTY,"32,019.00","32,019.00",0,0,0
